1721823095.1188268661,-0.035771124064922332764,2.159460979629936439,0.0092791523784399032593,1.1972727279089951935,0.90104693174362182617,1
1721823095.168605566,-0.037557661533355712891,2.1182380203615891467,0.011641623452305793762,1.2882294776625684563,0.90207141637802124023,1
1721823095.2186021805,-0.039509963244199752808,2.0719790071511354768,0.01508576609194278717,1.376859168325295979,0.90396511554718017578,1
1721823095.2686243057,-0.038018442690372467041,2.0208497157410274525,0.019994013011455535889,1.4628167749527614117,0.90776091814041137695,1
1721823095.3186626434,-0.03419588133692741394,1.9650500559323356153,0.026513880118727684021,1.5457668638911163939,0.91619336605072021484,1
1721823095.3686466217,-0.025706620886921882629,1.9047172429217165135,0.03695133700966835022,1.6255085372570088342,0.93302452564239501953,1
1721823095.4186501503,-0.01530156843364238739,1.8400585333720689274,0.048909962177276611328,1.7017666691736377249,0.94788205623626708984,1
1721823095.4686560631,-0.0026672815438359975815,1.771253734481023745,0.063685454428195953369,1.7743288204258940155,0.95998018980026245117,1
1721823095.5186760426,0.014171262271702289581,1.698536691750752281,0.083684325218200683594,1.8429481741776791992,0.97061514854431152344,1
1721823095.5686714649,0.041501946747303009033,1.622102836525451286,0.11575394868850708008,1.9074392435418079383,0.98118585348129272461,1
1721823095.618663311,0.06795848160982131958,1.5422431864631396259,0.14587397873401641846,1.9675589052134028201,0.98679715394973754883,1
1721823095.6686849594,0.10866267234086990356,1.4590809736928855855,0.19181531667709350586,2.0232083527542470414,0.99133270978927612305,1
1721823095.7186613083,0.14493536949157714844,1.3730761041328993777,0.23179736733436584473,2.074083262217128798,0.99274468421936035156,1
1721823095.7687218189,0.18347306549549102783,1.284258237202555053,0.27446117997169494629,2.120166354847532908,0.99273717403411865234,1
1721823095.8186573982,0.20446927845478057861,1.1931565926661646948,0.29771313071250915527,2.1611844984960075777,0.99227988719940185547,1
1721823095.8686525822,0.28383970260620117188,1.0998006317652859742,0.38750442862510681152,2.1971267489889978464,0.98838716745376586914,1
1721823095.9186506271,0.33188006281852722168,1.0046694554876587357,0.44358074665069580078,2.227804601422796793,0.98427754640579223633,1
1721823095.968626976,0.38333627581596374512,0.90796264852960972824,0.50537836551666259766,2.2531589994648819619,0.97889703512191772461,1
1721823096.0187447071,0.4462159574031829834,0.8099781139309841782,0.58491957187652587891,2.2731084481451748758,0.97090601921081542969,1
1721823096.0686602592,0.49793046712875366211,0.71105317661416989061,0.65415298938751220703,2.2875839998839406775,0.96303182840347290039,1
1721823096.11866045,0.54752051830291748047,0.61147279800971121588,0.72462856769561767578,2.2965449661235552981,0.95466250181198120117,1
1721823096.1686429977,0.60715526342391967773,0.51154648427389881604,0.81571191549301147461,2.2999629659248306268,0.94379574060440063477,1
1721823096.2186498642,0.65342342853546142578,0.4115818833229256124,0.89236527681350708008,2.2978270875262944983,0.93497812747955322266,1
1721823096.2686219215,0.70529097318649291992,0.31189566055307393899,0.98724246025085449219,2.2901443398455993972,0.92373061180114746094,1
1721823096.3185744286,0.74282175302505493164,0.21284993155831566369,1.0638334751129150391,2.2769481810660479049,0.91525661945343017578,1
1721823096.3686573505,0.77702534198760986328,0.11453212721527478157,1.1418094635009765625,2.258241882975951409,0.90745657682418823242,1
1721823096.4186508656,0.81251752376556396484,0.017525521994946446913,1.2372939586639404297,2.234133321885532375,0.89869409799575805664,1
1721823096.4687047005,0.83495146036148071289,-0.078073413176010908465,1.3118207454681396484,2.2046498552427231665,0.89251309633255004883,1
1721823096.5186748505,0.8519535064697265625,-0.17180943138748128174,1.384429931640625,2.1699317614497992679,0.88727217912673950195,1
1721823096.5686395168,0.86521291732788085938,-0.26347872525077409289,1.4727405309677124023,2.1300614209561103962,0.882297515869140625,1
1721823096.6186654568,0.86972600221633911133,-0.35281551000608446511,1.5396780967712402344,2.0851516349841938691,0.87884765863418579102,1
1721823096.6686573029,0.87034255266189575195,-0.43955871635466836622,1.5886206626892089844,2.035327137297445077,0.87708866596221923828,1
1721823096.718631506,0.86458539962768554688,-0.52332012492820778604,1.6649172306060791016,1.9808159649047945017,0.87501507997512817383,1
1721823096.7686293125,0.84976047277450561523,-0.60396560958759826221,1.7337440252304077148,1.9217102140900172991,0.87392061948776245117,1
1721823096.8186278343,0.83002954721450805664,-0.68120399641257245449,1.784313201904296875,1.8582183619944798725,0.87333309650421142578,1
1721823096.8686990738,0.80426293611526489258,-0.75482049617838486988,1.8313202857971191406,1.7905136660921623371,0.87309336662292480469,1
1721823096.9186556339,0.78108793497085571289,-0.8245241001729948227,1.8624941110610961914,1.7188666490067394665,0.8731415867805480957,1
1721823096.9686934948,0.72588336467742919922,-0.89017061648399287144,1.9187704324722290039,1.6434271542448672943,0.87414026260375976562,1
1721823097.0186414719,0.67142456769943237305,-0.95150592860916471949,1.9560033082962036133,1.5644860446301991352,0.87538993358612060547,1
1721823097.0686614513,0.6222750544548034668,-1.0083800594415746055,1.9808136224746704102,1.4822370367070427655,0.87684595584869384766,1
1721823097.1186511517,0.56808549165725708008,-1.0605896376214054566,2.0013637542724609375,1.396972676812783698,0.87866693735122680664,1
1721823097.1686327457,0.49640154838562011719,-1.1079866395781876598,2.0190179347991943359,1.3089369363170701988,0.88120347261428833008,1
1721823097.2186427116,0.43449154496192932129,-1.1504214596401687309,2.02889251708984375,1.2184072699793726535,0.88350427150726318359,1
1721823097.2686748505,0.37226304411888122559,-1.18777349294511958,2.0346074104309082031,1.125636185423949609,0.88598793745040893555,1
1721823097.3186483383,0.3084348142147064209,-1.2199041093922777801,2.0347781181335449219,1.0309706719730908908,0.88826000690460205078,1
1721823097.3686161041,0.22281961143016815186,-1.2467372854077949373,2.0287821292877197266,0.9346364639169234545,0.89115852117538452148,1
1721823097.4186134338,0.15537479519844055176,-1.2681725834300667799,2.0183775424957275391,0.83699512638351791782,0.89313733577728271484,1
1721823097.4686255455,0.086346171796321868896,-1.2841589466452236756,2.0038056373596191406,0.73827893970262370438,0.89497286081314086914,1
1721823097.5186223984,0.015515877865254878998,-1.2946370362650494457,1.984446406364440918,0.63884490651730629907,0.89635980129241943359,1
1721823097.5686514378,-0.071228049695491790771,-1.2995778897397589624,1.9549638032913208008,0.53897972241814962047,0.89785283803939819336,1
1721823097.6186766624,-0.15554909408092498779,-1.2989657420455797965,1.9195020198822021484,0.4389896816399357915,0.89946448802947998047,1
1721823097.6686737537,-0.22352987527847290039,-1.2928007214254169099,1.8858213424682617188,0.33917222485992876146,0.90047186613082885742,1
1721823097.7186744213,-0.28887328505516052246,-1.2811009274870770458,1.8488247394561767578,0.23984718701372054195,0.90165245532989501953,1
1721823097.7687091827,-0.36726638674736022949,-1.2639013386529387439,1.7986487150192260742,0.14131898921413427184,0.9032980799674987793,1
1721823097.8186736107,-0.42873421311378479004,-1.2412823837016342399,1.7545229196548461914,0.044000372576517565726,0.90484470129013061523,1
1721823097.8689367771,-0.4852288663387298584,-1.2132727056344039251,1.7093448638916015625,-0.0519933297859399568,0.90623176097869873047,1
1721823097.9186351299,-0.54125165939331054688,-1.1799816656010744254,1.6602371931076049805,-0.14626743941207476229,0.90760767459869384766,1
1721823097.9686331749,-0.60551446676254272461,-1.1415008522168843541,1.5966248512268066406,-0.23856276115929553328,0.90874058008193969727,1
1721823098.0186021328,-0.65155935287475585938,-1.0979719586165994638,1.5451422929763793945,-0.32854427731716850936,0.90944540500640869141,1
1721823098.0686252117,-0.69645786285400390625,-1.0494753276964254862,1.4898029565811157227,-0.41603832281190900044,0.91015589237213134766,1
1721823098.1185927391,-0.74512845277786254883,-0.9962499383046994339,1.4207426309585571289,-0.50061787017981207448,0.91040515899658203125,1
1721823098.1685972214,-0.78025037050247192383,-0.93839577763997028548,1.3638428449630737305,-0.58213566010343886781,0.91028058528900146484,1
1721823098.21860075,-0.81258314847946166992,-0.8760677459523580346,1.3048120737075805664,-0.66036096045566639035,0.91025447845458984375,1
1721823098.2686505318,-0.84587395191192626953,-0.80950176324014377904,1.2321138381958007812,-0.73499195627783531215,0.90969610214233398438,1
1721823098.3186438084,-0.86900991201400756836,-0.73891257943097654604,1.1708247661590576172,-0.8057931001991411879,0.9090855717658996582,1
1721823098.3686408997,-0.88763380050659179688,-0.6644885520277361568,1.1105531454086303711,-0.87257655968486758091,0.90836250782012939453,1
1721823098.4186663628,-0.90565180778503417969,-0.58647617737953483541,1.0336722135543823242,-0.93512003539312105183,0.90748971700668334961,1
1721823098.4686367512,-0.91429734230041503906,-0.50510581837965906615,0.98639434576034545898,-0.99323886028302799112,0.90685033798217773438,1
1721823098.5186164379,-0.92305833101272583008,-0.42065695738963237993,0.90976911783218383789,-1.0467355193471392649,0.90569186210632324219,1
1721823098.5686161518,-0.92622351646423339844,-0.33334713593065956605,0.8462874293327331543,-1.0954725165405285736,0.90469753742218017578,1
1721823098.6186249256,-0.92347121238708496094,-0.24346925906299321518,0.76899915933609008789,-1.1392844356085138902,0.90289384126663208008,1
1721823098.6686341763,-0.9153378605842590332,-0.1512922428537538666,0.69132685661315917969,-1.1780400514882019003,0.90026861429214477539,1
1721823098.7186238766,-0.90529280900955200195,-0.057120325339204969239,0.6268761754035949707,-1.2116123810880601308,0.89851796627044677734,1
1721823098.7688977718,-0.89159435033798217773,0.039313491419585455677,0.56424319744110107422,-1.2400482581848091268,0.8967259526252746582,1
1721823098.8186235428,-0.87010037899017333984,0.13610801926651788785,0.48741799592971801758,-1.2628336922006746512,0.89459949731826782227,1
1721823098.8686814308,-0.84949803352355957031,0.23457638679818443306,0.42381969094276428223,-1.2803230902156195192,0.89315897226333618164,1
1721823098.9186992645,-0.82539170980453491211,0.33382794165360901717,0.36192676424980163574,-1.2923132669890395885,0.89161688089370727539,1
1721823098.9686501026,-0.79862958192825317383,0.43360450564750591118,0.30072373151779174805,-1.2987750382773517455,0.89020615816116333008,1
1721823099.0186507702,-0.76104366779327392578,0.53358018593216216541,0.22395022213459014893,-1.2996867424951381587,0.88858944177627563477,1
1721823099.0686318874,-0.72814416885375976562,0.63345791586340216561,0.1640596240758895874,-1.2950456776063936637,0.88764643669128417969,1
1721823099.1186728477,-0.68377608060836791992,0.73292443717253608071,0.088484942913055419922,-1.2848658791539093738,0.88714063167572021484,1
1721823099.1686155796,-0.65635389089584350586,0.83167954693651346965,0.044290024787187576294,-1.2691774015468288983,0.88717925548553466797,1
1721823099.2186050415,-0.60618495941162109375,0.92939506191154552806,-0.028607588261365890503,-1.2480331463693645766,0.88753068447113037109,1
1721823099.2686443329,-0.56425607204437255859,1.0258659897597177668,-0.082429245114326477051,-1.2214717426707977221,0.88781493902206420898,1
1721823099.3185987473,-0.51846528053283691406,1.1205641419080150101,-0.13792951405048370361,-1.189644976253286579,0.88838410377502441406,1
1721823099.3686468601,-0.45807969570159912109,1.2134750718069140518,-0.20444603264331817627,-1.1525596273387894719,0.88955676555633544922,1
1721823099.4187858105,-0.40875661373138427734,1.304112874129919053,-0.25468140840530395508,-1.1104044478510735061,0.89063107967376708984,1
1721823099.4689006805,-0.34370711445808410645,1.3926235629824086359,-0.31749647855758666992,-1.0630813078047443021,0.89227956533432006836,1
1721823099.5186617374,-0.28944611549377441406,1.4777129663013655048,-0.36618727445602416992,-1.0113164313029170405,0.89394754171371459961,1
1721823099.5686774254,-0.23575221002101898193,1.5601534369374863154,-0.41066125035285949707,-0.9546733963847815474,0.89584845304489135742,1
1721823099.618670702,-0.16482119262218475342,1.6392701079163567446,-0.46582132577896118164,-0.89357942766397546741,0.89856815338134765625,1
1721823099.6687226295,-0.12077128142118453979,1.7149425908247799555,-0.49755755066871643066,-0.82812442978810185679,0.90034651756286621094,1
1721823099.7187607288,-0.047771934419870376587,1.7868051318395101745,-0.54606384038925170898,-0.75862327670812623737,0.90342247486114501953,1
1721823099.7686777115,0.027655377984046936035,1.8546798575369469742,-0.59215778112411499023,-0.68526051296062240326,0.90660977363586425781,1
1721823099.8186786175,0.08995739370584487915,1.9183950216436183034,-0.62721639871597290039,-0.6082218020669869496,0.90917056798934936523,1
1721823099.8686995506,0.15035738050937652588,1.9777511625218344715,-0.65795338153839111328,-0.52774097012105491977,0.91151517629623413086,1
1721823099.9186480045,0.2303009331226348877,2.0325239516654702854,-0.69520890712738037109,-0.44412411131781426299,0.91489326953887939453,1
1721823099.9686634541,0.29356753826141357422,2.0826081077777804929,-0.72095644474029541016,-0.35752642944461665575,0.91746503114700317383,1
1721823100.0186476707,0.35594129562377929688,2.1277631323272556685,-0.74373769760131835938,-0.26836656944206127573,0.91987490653991699219,1
1721823100.0686807632,0.43762239813804626465,2.1679433604020239557,-0.76980412006378173828,-0.17673107398050191819,0.92273527383804321289,1
1721823100.1186537743,0.50135809183120727539,2.2029254440923433656,-0.7868435978889465332,-0.083133716966268034199,0.92482346296310424805,1
1721823100.1686627865,0.56387019157409667969,2.2326781502347072816,-0.80041521787643432617,0.012325490004620465179,0.92662841081619262695,1
1721823100.2186543941,0.64538216590881347656,2.2570854803666668964,-0.81406265497207641602,0.10929472145280688666,0.92891871929168701172,1
1721823100.2686421871,0.7082964777946472168,2.2760665799429737888,-0.82092124223709106445,0.20744657990433862382,0.9308198094367980957,1
1721823100.3186495304,0.76945382356643676758,2.2895732919518354542,-0.8244412541389465332,0.30653829130116982959,0.93252229690551757812,1
1721823100.3686823845,0.84871053695678710938,2.2975549781947459671,-0.82412880659103393555,0.406212472218923204,0.93486040830612182617,1
1721823100.4186594486,0.90924102067947387695,2.2999894883138871648,-0.81994473934173583984,0.50615158187059783312,0.93677741289138793945,1
1721823100.4686937332,0.96736228466033935547,2.2968695736979309885,-0.8126570582389831543,0.60611189904348639068,0.93879157304763793945,1
1721823100.5186526775,1.0410566329956054688,2.2882083870605249842,-0.79865419864654541016,0.70569580561206524116,0.94165605306625366211,1
1721823100.5688831806,1.099196314811706543,2.2739361656690144642,-0.78304845094680786133,0.80520563581217619031,0.94357419013977050781,1
1721823100.618670702,1.1404182910919189453,2.2543711674051571947,-0.76986855268478393555,0.90271802415271440445,0.94440168142318725586,1
1721823100.6686475277,1.2202522754669189453,2.2293008572611672236,-0.73825114965438842773,0.99951831305347893508,0.94591856002807617188,1
1721823100.7187051773,1.2679409980773925781,2.1989013754712170012,-0.71439367532730102539,1.094755509787011416,0.94668430089950561523,1
1721823100.7686331272,1.3313225507736206055,2.1632514445887829346,-0.67595887184143066406,1.1881821212973551205,0.94758176803588867188,1
1721823100.818696022,1.3816376924514770508,2.1224676183423030196,-0.63993853330612182617,1.2794862586541571048,0.94852393865585327148,1
1721823100.8686585426,1.4204009771347045898,2.0766841326963936254,-0.60874259471893310547,1.3683703966070135394,0.94959890842437744141,1
1721823100.918649435,1.4756668806076049805,2.0260425725385342588,-0.55828851461410522461,1.4545648573040874663,0.9517199397087097168,1
1721823100.9686851501,1.5104184150695800781,1.9706770862492613006,-0.52227741479873657227,1.5378385751076046883,0.9534308314323425293,1
1721823101.0186452866,1.5592241287231445312,1.9107854272960635988,-0.46491676568984985352,1.6178928741740254971,0.95603293180465698242,1
1721823101.0686600208,1.5902589559555053711,1.8465291441810463002,-0.42396572232246398926,1.6945121447147613036,0.95764386653900146484,1
1721823101.1186439991,1.6342939138412475586,1.7781333571481103828,-0.35923603177070617676,1.7674285468401367272,0.95997011661529541016,1
1721823101.1686108112,1.6619415283203125,1.705787656859033774,-0.31400305032730102539,1.8364415911540621362,0.961456298828125,1
1721823101.2186229229,1.6905597448348999023,1.6297221999391047209,-0.26349586248397827148,1.9013307072082412663,0.96292203664779663086,1
1721823101.268799305,1.7278425693511962891,1.5498668403373832003,-0.19060850143432617188,1.9621147757819834556,0.96476924419403076172,1
1721823101.3186159134,1.755005955696105957,1.4673673691772757266,-0.12991505861282348633,2.0179592791149030262,0.96613639593124389648,1
1721823101.3689541817,1.7796622514724731445,1.3810592313754028737,-0.067259743809700012207,2.0696288194373169134,0.96721428632736206055,1
1721823101.4186151028,1.8076518774032592773,1.293088238810953472,0.015644980594515800476,2.1158623225571355775,0.96825182437896728516,1
1721823101.4709124565,1.826594233512878418,1.2021303866137609262,0.083340056240558624268,2.1574115120251851074,0.96895796060562133789,1
1721823101.5186131001,1.8428221940994262695,1.1090284365496319019,0.15302062034606933594,2.1938371714760278586,0.96944385766983032227,1
1721823101.5687065125,1.8563024997711181641,1.0139613345941733691,0.22417502105236053467,2.2250634036296101925,0.96976250410079956055,1
1721823101.618676424,1.8669617176055908203,0.91743599961906596718,0.2979424893856048584,2.2509275216930113572,0.96961456537246704102,1
1721823101.6686975956,1.8742635250091552734,0.81956322411939019901,0.37093016505241394043,2.2714060363988881619,0.96927362680435180664,1
1721823101.7186789513,1.8786793947219848633,0.72072207409364197339,0.44502758979797363281,2.2864158995059913337,0.96903693675994873047,1
1721823101.768671751,1.8793431520462036133,0.62117866723782055871,0.53805726766586303711,2.2959164041253328215,0.96874910593032836914,1
1721823101.8187201023,1.87715911865234375,0.52125536837414676583,0.59436023235321044922,2.2998744982123833225,0.96880519390106201172,1
1721823101.8686227798,1.8690330982208251953,0.421300012217213804,0.6889362335205078125,2.2982787080769737642,0.96903407573699951172,1
1721823101.9186546803,1.8588119745254516602,0.32155249505978222846,0.76329147815704345703,2.2911327387942557188,0.96900892257690429688,1
1721823101.9685840607,1.8454052209854125977,0.22249237093314983005,0.83682227134704589844,2.2784795516984992503,0.96888786554336547852,1
1721823102.0186181068,1.8287369012832641602,0.12407039310966710977,0.90929841995239257812,2.2603059196239954076,0.96895974874496459961,1
1721823102.0686488152,1.8083772659301757812,0.026834323906450463504,0.98245143890380859375,2.2366963588857249334,0.96885067224502563477,1
1721823102.1186535358,1.7789747714996337891,-0.068802081620630839431,1.0695165395736694336,2.2077658481021447123,0.96842646598815917969,1
1721823102.1686427593,1.7517570257186889648,-0.16275504437923649093,1.1375558376312255859,2.1735458616810823251,0.96829724311828613281,1
1721823102.2186686993,1.7212265729904174805,-0.25465792306032941639,1.20359039306640625,2.1341638287400286345,0.96798890829086303711,1
1721823102.2686903477,1.6861634254455566406,-0.34423516202761228477,1.2691564559936523438,2.0897380259640927491,0.96701413393020629883,1
1721823102.3186879158,1.6484084129333496094,-0.43121517151930621736,1.3305761814117431641,2.0404019943937585779,0.96540170907974243164,1
1721823102.3686580658,1.606827855110168457,-0.51530095438052359036,1.3897488117218017578,1.9863256615001969596,0.96417778730392456055,1
1721823102.4186604023,1.5498502254486083984,-0.59626765156571504001,1.459540247917175293,1.9276544526357182185,0.9628353118896484375,1
1721823102.4686365128,1.4996182918548583984,-0.67385448018710825124,1.5135409832000732422,1.8645752670133861617,0.961719512939453125,1
1721823102.5186703205,1.447266697883605957,-0.74781535032326873491,1.5627443790435791016,1.7972882684652700114,0.96052032709121704102,1
1721823102.5687167645,1.3918454647064208984,-0.81798085766688055642,1.6086347103118896484,1.725939011053842842,0.95929330587387084961,1
1721823102.618708849,1.3332687616348266602,-0.88397802540111380942,1.6516975164413452148,1.6509147775603689734,0.95803320407867431641,1
1721823102.6686913967,1.2716314792633056641,-0.94574349076721309082,1.6908880472183227539,1.5722992860690681027,0.95630598068237304688,1
1721823102.7186889648,1.1892455816268920898,-1.0030462843685055141,1.7353670597076416016,1.4903796580332362431,0.95431303977966308594,1
1721823102.7687122822,1.1388280391693115234,-1.0557251179821438569,1.7586740255355834961,1.4053835415333351122,0.95322948694229125977,1
1721823102.8186120987,1.0520445108413696289,-1.1035878569189410126,1.7928916215896606445,1.3176221530402156823,0.95139646530151367188,1
1721823102.8688056469,0.98037469387054443359,-1.1466741601532082218,1.8161545991897583008,1.2269554389945276363,0.94989997148513793945,1
1721823102.9186644554,0.90505039691925048828,-1.1843646897468849133,1.8363243341445922852,1.1347563248474803466,0.94845396280288696289,1
1721823102.9686415195,0.82990288734436035156,-1.217008739631968206,1.8519678115844726562,1.0402601114532146198,0.94691753387451171875,1
1721823103.0186374187,0.75316947698593139648,-1.2443579964735662635,1.8639633655548095703,0.94408915787117120288,0.94545745849609375,1
1721823103.0686483383,0.67530792951583862305,-1.2663277196571849359,1.8722411394119262695,0.84653482764456633447,0.94410479068756103516,1
1721823103.1186254025,0.59727448225021362305,-1.2828423361592546925,1.876566767692565918,0.74793790431922890782,0.94299501180648803711,1
1721823103.1687059402,0.49837815761566162109,-1.2938613071611526628,1.8763931989669799805,0.6485315140637868403,0.94199806451797485352,1
1721823103.2186145782,0.42065772414207458496,-1.2993405162518953944,1.8718178272247314453,0.54872069964976888379,0.94138163328170776367,1
1721823103.2686316967,0.34604066610336303711,-1.2992689045237988399,1.8636996746063232422,0.44870273678130145889,0.94112396240234375,1
1721823103.3186206818,0.2485240250825881958,-1.2936469212018006925,1.8486316204071044922,0.34890161462377677903,0.94137376546859741211,1
1721823103.3686203957,0.21089920401573181152,-1.2824893282108309478,1.8411937952041625977,0.24953683940646914641,0.94150030612945556641,1
1721823103.4186182022,0.099391542375087738037,-1.2658305515669081576,1.8138906955718994141,0.15094060225670941078,0.94223558902740478516,1
1721823103.4686956406,0.0094048585742712020874,-1.2437066362207769288,1.7856950759887695312,0.05336013747133711016,0.94300657510757446289,1
1721823103.5186741352,-0.063037380576133728027,-1.2162339170719302928,1.7589652538299560547,-0.042716447043885774626,0.94365465641021728516,1
1721823103.5686917305,-0.13238674402236938477,-1.183439227394543769,1.7295767068862915039,-0.13720669148186281916,0.94431066513061523438,1
1721823103.6186642647,-0.21752141416072845459,-1.1454571513452020959,1.6882098913192749023,-0.22970594288859425003,0.94507545232772827148,1
1721823103.6686515808,-0.28327825665473937988,-1.1024046923836507972,1.651581883430480957,-0.31993853539570737965,0.94563639163970947266,1
1721823103.7186763287,-0.34667879343032836914,-1.0544026216165425236,1.612046360969543457,-0.40765218553784088318,0.94622844457626342773,1
1721823103.7686533928,-0.42372834682464599609,-1.0016089891312238702,1.5578418970108032227,-0.49255752667555940949,0.94706434011459350586,1
1721823103.8186209202,-0.48177412152290344238,-0.94421028036754650614,1.5115175247192382812,-0.57436337711255447402,0.94793450832366943359,1
1721823103.8686869144,-0.53848195075988769531,-0.88231032157424760243,1.4613884687423706055,-0.65291724545576146355,0.94864416122436523438,1
1721823103.9186029434,-0.60468274354934692383,-0.81617106854003229621,1.3951106071472167969,-0.72788180145248104758,0.94931495189666748047,1
1721823103.9686233997,-0.64138305187225341797,-0.74593912260204797704,1.3540478944778442383,-0.79909033664700901411,0.94960045814514160156,1
1721823104.0186076164,-0.69905292987823486328,-0.67190334770606319204,1.2826039791107177734,-0.86625127397390611073,0.94993132352828979492,1
1721823104.0686101913,-0.742919921875,-0.59421799124003493731,1.2209286689758300781,-0.92922600999513838005,0.9498888850212097168,1
1721823104.1186029911,-0.79085993766784667969,-0.51318530496909975369,1.1432833671569824219,-0.98776864390760454882,0.94967955350875854492,1
1721823104.1686193943,-0.82665801048278808594,-0.42900375652454214581,1.0771864652633666992,-1.0417366896987594327,0.94959431886672973633,1
1721823104.2188346386,-0.86483579874038696289,-0.34160419388409068997,0.99500876665115356445,-1.0911324208992505547,0.94970864057540893555,1
1721823104.268682003,-0.89233791828155517578,-0.25231744287889734668,0.92481940984725952148,-1.1352426318868271693,0.94990187883377075195,1
1721823104.3186175823,-0.91535699367523193359,-0.16036648951657639373,0.85509401559829711914,-1.1744898027529320217,0.94986641407012939453,1
1721823104.3686187267,-0.93970984220504760742,-0.066355858233489328768,0.76541358232498168945,-1.208578661298509882,0.94904029369354248047,1
1721823104.4186115265,-0.95445996522903442383,0.029381479606073179767,0.69305300712585449219,-1.2373883297243108981,0.94909387826919555664,1
1721823104.4686629772,-0.9656531214714050293,0.12662989167091054377,0.61844933032989501953,-1.2608505791822099962,0.95015877485275268555,1
1721823104.5186333656,-0.97401022911071777344,0.2249324174885123373,0.52677834033966064453,-1.2788585736508919499,0.95207107067108154297,1
1721823104.5687701702,-0.97652429342269897461,0.32429767095086620143,0.45109066367149353027,-1.2914041117421579674,0.95353692770004272461,1
1721823104.61865592,-0.97514224052429199219,0.42387718615231112507,0.37866631150245666504,-1.2983896455473464826,0.9549338221549987793,1
1721823104.6687095165,-0.96781963109970092773,0.52387930266110716016,0.28342959284782409668,-1.2998415982814763847,0.95649445056915283203,1
1721823104.7186481953,-0.95770567655563354492,0.62375299676176121366,0.20937806367874145508,-1.2957408487285919652,0.95752626657485961914,1
1721823104.7687046528,-0.94421285390853881836,0.72332493736394731787,0.13742581009864807129,-1.2860923750890906891,0.95841187238693237305,1
1721823104.8186466694,-0.9269866943359375,0.82209565371634829578,0.063891828060150146484,-1.2709473142521883204,0.95960319042205810547,1
1721823104.8686482906,-0.89952319860458374023,0.91994131858763572573,-0.029510740190744400024,-1.2503283374678242357,0.96113091707229614258,1
1721823104.9186682701,-0.87405920028686523438,1.016516394318338623,-0.100923195481300354,-1.2243000940672661425,0.96222698688507080078,1
1721823104.9686539173,-0.83703625202178955078,1.1114504485951548496,-0.18896248936653137207,-1.1929643672897500828,0.9634532928466796875,1
1721823105.0186495781,-0.80412375926971435547,1.2044946837527257255,-0.25690889358520507812,-1.1564079330177536864,0.96508294343948364258,1
1721823105.0686116219,-0.76868647336959838867,1.2953771571049872424,-0.32198187708854675293,-1.1147368757650855109,0.96645939350128173828,1
1721823105.1186363697,-0.72913074493408203125,1.383806592747396369,-0.38696956634521484375,-1.0680835139163469272,0.96731984615325927734,1
1721823105.1686561108,-0.67383217811584472656,1.4695308623414069515,-0.46734404563903808594,-1.0165783550372622379,0.96849912405014038086,1
1721823105.2186136246,-0.62819045782089233398,1.5522333206979848086,-0.52619093656539916992,-0.96041262621660861143,0.96897161006927490234,1
1721823105.2687160969,-0.56587839126586914062,1.6318046968679320585,-0.59752815961837768555,-0.89964928755302442376,0.9696953892707824707,1
1721823105.3186748028,-0.52598845958709716797,1.7076913986546351509,-0.63861358165740966797,-0.83472150114381959973,0.97022569179534912109,1
1721823105.3686578274,-0.45781272649765014648,1.7799871103862092703,-0.70234763622283935547,-0.76555639828699928451,0.97118192911148071289,1
1721823105.4186251163,-0.39858382940292358398,1.8482396021480245185,-0.75178772211074829102,-0.69258122373268005134,0.97210872173309326172,1
1721823105.4686937332,-0.32165658473968505859,1.9124055967254909305,-0.80910944938659667969,-0.61584516414174150789,0.972934722900390625,1
1721823105.5186698437,-0.27454966306686401367,1.9721653835678762956,-0.8405907750129699707,-0.53572635547447933213,0.97316128015518188477,1
1721823105.5687160492,-0.17441534996032714844,2.0274400643699648228,-0.89961993694305419922,-0.45232707078895884045,0.97368443012237548828,1
1721823105.6186475754,-0.10644482821226119995,2.0779299314904355889,-0.93424916267395019531,-0.36610457296252030268,0.9744383692741394043,1
1721823105.6686728001,-0.037892121821641921997,2.1235916594724462136,-0.96490883827209472656,-0.2771422799536181758,0.97491168975830078125,1
1721823105.7186534405,0.035169560462236404419,2.1642342154834492973,-0.99327337741851806641,-0.18580206766543627683,0.97531664371490478516,1
1721823105.768633604,0.12739072740077972412,2.1997563001807094452,-1.0235475301742553711,-0.092307791604994360313,0.97615885734558105469,1
1721823105.8187117577,0.20163147151470184326,2.2300118058754510031,-1.04329681396484375,0.0029495483036344194439,0.97725152969360351562,1
1721823105.8686587811,0.29480969905853271484,2.2549531103790965147,-1.0625094175338745117,0.099825562572102510828,0.97888642549514770508,1
1721823105.9185934067,0.37284645438194274902,2.2744578328338618256,-1.0735455751419067383,0.19784209509834971286,0.98043084144592285156,1
1721823105.9686136246,0.44769492745399475098,2.2884989891432745424,-1.0804167985916137695,0.29684644764739076539,0.98172909021377563477,1
1721823106.0185983181,0.52397757768630981445,2.2970196045429078779,-1.0836377143859863281,0.39645995514560167239,0.98257857561111450195,1
1721823106.0686333179,0.62228816747665405273,2.2999964297015127457,-1.0819516181945800781,0.49641488329245464506,0.98340344429016113281,1
1721823106.1186261177,0.69706606864929199219,2.297418365208701907,-1.0765069723129272461,0.59637022574673659303,0.98393589258193969727,1
1721823106.1686213017,0.7871062159538269043,2.2892939525115769683,-1.064837336540222168,0.69602844565393851006,0.98523962497711181641,1
1721823106.2186408043,0.85170304775238037109,2.2756484657778521807,-1.0528830289840698242,0.7950805415149556632,0.98671740293502807617,1
1721823106.2686891556,0.94666755199432373047,2.2565138207695567552,-1.0293431282043457031,0.89326733584869910665,0.99035686254501342773,1
1721823106.3186547756,1.0082077980041503906,2.2319770821848847753,-1.0102624893188476562,0.99015853229984007733,0.99298870563507080078,1
1721823106.3686738014,1.0975732803344726562,2.2020873630045469937,-0.97630256414413452148,1.0855754509029784671,0.99697148799896240234,1
1721823106.4186711311,1.1694694757461547852,2.1669497920443756556,-0.94320684671401977539,1.1791747866368522679,1.0003849267959594727,1
1721823106.4686598778,1.2385556697845458984,2.1266574340038975066,-0.90617525577545166016,1.2707046077453123534,1.0036098957061767578,1
1721823106.5186328888,1.2920083999633789062,2.0813551605195761418,-0.87346762418746948242,1.3598347843034181981,1.0058852434158325195,1
1721823106.5687110424,1.3694519996643066406,2.0311204711372132792,-0.8196086883544921875,1.4463984905231821454,1.0086748600006103516,1
1721823106.6186532974,1.4192662239074707031,1.9762733692383074313,-0.78085577487945556641,1.5298625827156631107,1.0100446939468383789,1
1721823106.6686518192,1.4830864667892456055,1.9168088303325949706,-0.72595453262329101562,1.610248953294523222,1.01141357421875,1
1721823106.7186408043,1.5523895025253295898,1.8529775757290132265,-0.65889161825180053711,1.6872033017029739455,1.0127023458480834961,1
1721823106.7686088085,1.6062716245651245117,1.7849665976638593445,-0.60048413276672363281,1.7605002351797343074,1.0136588811874389648,1
1721823106.818602562,1.6565569639205932617,1.7130005897535727222,-0.54005229473114013672,1.8298983304213463086,1.0144217014312744141,1
1721823106.8686356544,1.7041021585464477539,1.637241135519914792,-0.4766890108585357666,1.8952356789020896599,1.0148427486419677734,1
1721823106.918582201,1.7488027811050415039,1.5580878305460492683,-0.41040307283401489258,1.9561765493408946881,1.0147342681884765625,1
1721823106.968723774,1.791537165641784668,1.4754319576168910544,-0.33947893977165222168,2.0127896403861571528,1.0144084692001342773,1
1721823107.0186085701,1.8301764726638793945,1.3900681335551077211,-0.26712447404861450195,2.0645378607210904676,1.0138027667999267578,1
1721823107.0689110756,1.8738551139831542969,1.3014698614227628859,-0.17321510612964630127,2.1117214589472270703,1.0125304460525512695,1
1721823107.1186039448,1.9044778347015380859,1.211096277867288018,-0.09586795419454574585,2.1535846164025862493,1.0114825963973999023,1
1721823107.1688842773,1.9311127662658691406,1.1176694300878620147,-0.016886765137314796448,2.1907053188344018935,1.0104265213012695312,1
1721823107.2186796665,1.9543296098709106445,1.0233408631870419825,0.06498266756534576416,2.2222410809519792529,1.0094248056411743164,1
1721823107.2686691284,1.9738847017288208008,0.92688710747688496383,0.14733301103115081787,2.2486473050532569395,1.008387446403503418,1
1721823107.3186802864,1.9933316707611083984,0.82915045613575222294,0.25194475054740905762,2.2696496764121496525,1.0069621801376342773,1
1721823107.3686935902,1.9994983673095703125,0.73037822994126466725,0.29409399628639221191,2.285196311661305657,1.0063893795013427734,1
1721823107.4187214375,2.0120403766632080078,0.63085764435691094043,0.42414131760597229004,2.2952371088280676403,1.0043709278106689453,1
1721823107.4686868191,2.0154869556427001953,0.53099812692313297369,0.51035648584365844727,2.2997330680207155318,1.0034185647964477539,1
1721823107.5186498165,2.0150318145751953125,0.43104226003922518906,0.59631705284118652344,2.2986786344701775064,1.0023611783981323242,1
1721823107.5686557293,2.0109009742736816406,0.3312655437475533482,0.68254095315933227539,2.2920738498380002213,1.0015194416046142578,1
1721823107.6186566353,2.0022587776184082031,0.23201483415931567489,0.77059847116470336914,2.2799393110129742013,1.0006967782974243164,1
1721823107.6686582565,1.9862521886825561523,0.13358829900786234335,0.87678563594818115234,2.262311682244672717,0.99991434812545776367,1
1721823107.7186470032,1.9690539836883544922,0.036311255113129936589,0.96037775278091430664,2.2392506282492004033,0.99955278635025024414,1
1721823107.7686188221,1.9477144479751586914,-0.059568287052161994488,1.0429834127426147461,2.2108136462296261726,0.99952805042266845703,1
1721823107.8186020851,1.9218419790267944336,-0.15367826223123748353,1.1255966424942016602,2.1771120205538894155,0.99964815378189086914,1
1721823107.8685803413,1.8924766778945922852,-0.2457147378046601327,1.2046065330505371094,2.1382641819379824,0.99964451789855957031,1
1721823107.9185988903,1.8591126203536987305,-0.33560512811252241061,1.2819569110870361328,2.0942910869323880796,0.99966132640838623047,1
1721823107.9686973095,1.8220789432525634766,-0.42290438632256088791,1.3570916652679443359,2.0453955783897459497,0.99969851970672607422,1
1721823108.0186171532,1.7812384366989135742,-0.50724624850484945071,1.4295953512191772461,1.9917958958493306998,0.99954509735107421875,1
1721823108.0686383247,1.7233431339263916016,-0.58854326269856871434,1.5178101062774658203,1.9335527772752403308,0.99905258417129516602,1
1721823108.1186096668,1.6737198829650878906,-0.66643768721947926892,1.5840815305709838867,1.8709205381181186478,0.99889886379241943359,1
1721823108.1687004566,1.6203638315200805664,-0.7408239759067423158,1.6473888158798217773,1.8039769402926513209,0.99896574020385742188,1
1721823108.2186763287,1.5633019208908081055,-0.8112735243964759313,1.7071640491485595703,1.7331105969120712551,0.99863362312316894531,1
1721823108.2686777115,1.5012383460998535156,-0.87772140121182351535,1.7646681070327758789,1.658397056558298388,0.99804419279098510742,1
1721823108.3186714649,1.4372848272323608398,-0.93991239423612471526,1.8170526027679443359,1.580116797816417229,0.9971682429313659668,1
1721823108.368657589,1.3532178401947021484,-0.99768889280044836809,1.8770732879638671875,1.4984628087125564377,0.99570035934448242188,1
1721823108.4185974598,1.300488591194152832,-1.0507575625555205523,1.9102169275283813477,1.413865954162239813,0.99466729164123535156,1
1721823108.468641758,1.2068177461624145508,-1.0991557434494496626,1.9614444971084594727,1.3262571683154331659,0.99238920211791992188,1
1721823108.5186498165,1.1312640905380249023,-1.1425578985803084286,1.9965825080871582031,1.2362089036485777171,0.99017608165740966797,1
1721823108.5686724186,1.0551102161407470703,-1.1809136693569595167,2.0268411636352539062,1.143839449062359126,0.98801010847091674805,1
1721823108.6186368465,0.95867049694061279297,-1.2140606279452372807,2.0584692955017089844,1.0495417761444341131,0.98592126369476318359,1
1721823108.6686589718,0.87929350137710571289,-1.2419344191893886276,2.0792551040649414062,0.95350245781398812461,0.98464429378509521484,1
1721823108.7186536789,0.81995922327041625977,-1.2644323926535190328,2.0915949344635009766,0.85605944974818182214,0.98391091823577880859,1
1721823108.76867342,0.69712400436401367188,-1.2814820082963616077,2.1091508865356445312,0.75753029747267008887,0.98254835605621337891,1
1721823108.8186507225,0.61443191766738891602,-1.2930305989883319473,2.1158151626586914062,0.65824433984046359924,0.9815381169319152832,1
1721823108.8686556816,0.52935963869094848633,-1.2990516010612089826,2.1187584400177001953,0.55842376844316699014,0.98046410083770751953,1
1721823108.9186806679,0.44589605927467346191,-1.2995204285637795838,2.1175017356872558594,0.45845210978122630241,0.97914940118789672852,1
1721823108.9687514305,0.34206998348236083984,-1.2944237702115302113,2.1101984977722167969,0.35842552172147257306,0.977367401123046875,1
1721823109.0186531544,0.25658586621284484863,-1.2838174458726199223,2.0995235443115234375,0.25917782535554878542,0.97594225406646728516,1
1721823109.068675518,0.1529556959867477417,-1.267690150655028436,2.0811524391174316406,0.16048338585983334958,0.97402149438858032227,1
1721823109.1186747551,0.067726507782936096191,-1.2461120527327318452,2.0614063739776611328,0.062858490530256772022,0.97235846519470214844,1
1721823109.1686999798,-0.014096464961767196655,-1.2191394396350634377,2.0383815765380859375,-0.033441268642800059396,0.97060024738311767578,1
1721823109.2186501026,-0.11605423688888549805,-1.1868684808114866591,2.0037691593170166016,-0.12807223186887284339,0.96855276823043823242,1
1721823109.268699646,-0.17382946610450744629,-1.1493893232727652176,1.9809914827346801758,-0.22077379272127406473,0.96743011474609375,1
1721823109.3186805248,-0.23233041167259216309,-1.1068336725966183565,1.9552228450775146484,-0.31122472139947965353,0.96662122011184692383,1
1721823109.3686800003,-0.34296649694442749023,-1.0592881490933585553,1.8989510536193847656,-0.39923326678732729,0.96493804454803466797,1
1721823109.4186627865,-0.43162322044372558594,-1.0069750251894635795,1.8466094732284545898,-0.48439132130226336681,0.96344226598739624023,1
1721823109.4686775208,-0.50214982032775878906,-0.94996525800442843668,1.7996214628219604492,-0.566583681939748951,0.96247768402099609375,1
1721823109.5186462402,-0.58428329229354858398,-0.88852960176398720904,1.7385761737823486328,-0.64541937517450032047,0.96158599853515625,1
1721823109.5686285496,-0.64889138936996459961,-0.82278272226948256929,1.6845712661743164062,-0.72075626955807070573,0.96109771728515625,1
1721823109.6186077595,-0.7094262242317199707,-0.75296841276728665449,1.6285215616226196289,-0.79231194245330227588,0.96042841672897338867,1
1721823109.6686534882,-0.78105175495147705078,-0.67926175136421362843,1.5539680719375610352,-0.85990504145304491601,0.96018707752227783203,1
1721823109.7186973095,-0.834564208984375,-0.60190041846042863227,1.4918103218078613281,-0.9233114444128986964,0.95995986461639404297,1
1721823109.7686662674,-0.88455474376678466797,-0.52118389577437285176,1.4270577430725097656,-0.98228993486803206636,0.95996940135955810547,1
1721823109.8186397552,-0.93196177482604980469,-0.43733351747990789615,1.3584697246551513672,-1.0366866554404456924,0.95986711978912353516,1
1721823109.8686614037,-0.98460459709167480469,-0.35055281372148239249,1.2715433835983276367,-1.0863668904356487133,0.95965027809143066406,1
1721823109.918669939,-1.0208992958068847656,-0.26114063527502096029,1.2022998332977294922,-1.1311544786846945421,0.95960950851440429688,1
1721823109.9686648846,-1.0616755485534667969,-0.16939686322505254079,1.1094110012054443359,-1.1709003080688149545,0.95960021018981933594,1
1721823110.0186593533,-1.0893270969390869141,-0.075589716143940277604,1.0347992181777954102,-1.2054900992586670139,0.9592011570930480957,1
1721823110.0686900616,-1.1125677824020385742,0.02006346844592138412,0.95908588171005249023,-1.2348374349430670804,0.95869082212448120117,1
1721823110.1186766624,-1.1358094215393066406,0.11707438697138894401,0.86104089021682739258,-1.2587973092106614637,0.95717656612396240234,1
1721823110.1686506271,-1.1487287282943725586,0.21533297958805003303,0.78384459018707275391,-1.277347655212615507,0.95558160543441772461,1
1721823110.2186498642,-1.1569541692733764648,0.31444686481302830394,0.70325261354446411133,-1.2904105769410227911,0.95393294095993041992,1
1721823110.2686934471,-1.1606193780899047852,0.41417065409110032093,0.62409162521362304688,-1.2979525364649786567,0.95215624570846557617,1
1721823110.3186793327,-1.1587901115417480469,0.5141197294208650348,0.52416628599166870117,-1.2999446194928003795,0.9498844146728515625,1
1721823110.3686347008,-1.1522961854934692383,0.61405011836512080059,0.44179451465606689453,-1.2963831914435466341,0.94840401411056518555,1
1721823110.4186499119,-1.1416003704071044922,0.71359677032873303215,0.36050263047218322754,-1.2872818523403448676,0.94707828760147094727,1
1721823110.4686081409,-1.1224358081817626953,0.81251971764361508033,0.26053765416145324707,-1.2726622425278750761,0.94601368904113769531,1
1721823110.5185873508,-1.1015901565551757812,0.91041875684818984737,0.17803734540939331055,-1.2525856452759125403,0.94570934772491455078,1
1721823110.5686218739,-1.0705510377883911133,1.0071645410942917653,0.078909322619438171387,-1.2270738629996740254,0.94552332162857055664,1
1721823110.6186139584,-1.0405708551406860352,1.1022620674838954358,-0.002074709627777338028,-1.1962548163734196827,0.94555401802062988281,1
1721823110.6686520576,-1.0071789026260375977,1.1955562583391996512,-0.080589011311531066895,-1.1601811622486182252,0.94596868753433227539,1
1721823110.7186424732,-0.95890694856643676758,1.2866384118049249974,-0.17890734970569610596,-1.1190120472291198439,0.94678151607513427734,1
1721823110.7686493397,-0.91508239507675170898,1.3753269298508890017,-0.25687468051910400391,-1.0728327202464402745,0.94742763042449951172,1
1721823110.8186116219,-0.86609649658203125,1.4613103657901429511,-0.33423697948455810547,-1.021802346109514259,0.94843327999114990234,1
1721823110.8686931133,-0.81445610523223876953,1.5443631085426208216,-0.40723663568496704102,-0.96605105556225234764,0.94966608285903930664,1
1721823110.9186766148,-0.76066344976425170898,1.6241258925463826213,-0.47644942998886108398,-0.90582394975572899654,0.9508075714111328125,1
1721823110.9686658382,-0.704563140869140625,1.7004552427923806945,-0.54169893264770507812,-0.84123346590080538832,0.95213645696640014648,1
1721823111.0186724663,-0.62958240509033203125,1.7730793624047238577,-0.62007659673690795898,-0.77250498506653464403,0.9546082615852355957,1
1721823111.0686702728,-0.56734216213226318359,1.8417710633971817735,-0.67848306894302368164,-0.69985433008761366303,0.95686012506484985352,1
1721823111.1186528206,-0.50148886442184448242,1.9063227709120875719,-0.73488759994506835938,-0.62350178638671893694,0.95861971378326416016,1
1721823111.16867733,-0.41673040390014648438,1.9665495951182296874,-0.79983997344970703125,-0.54366291735337468616,0.96052205562591552734,1
1721823111.2186701298,-0.3376598060131072998,2.0222323578158851731,-0.85351020097732543945,-0.46062929833432120219,0.9617570042610168457,1
1721823111.2686796188,-0.26879060268402099609,2.0732267215707387287,-0.89585530757904052734,-0.37461859260810681516,0.96231383085250854492,1
1721823111.3186664581,-0.19659873843193054199,2.1193578473273060325,-0.93546152114868164062,-0.28592630844085797914,0.96313822269439697266,1
1721823111.3686900139,-0.11966884881258010864,2.1605073276301682839,-0.97260785102844238281,-0.19477724119786543611,0.96437472105026245117,1
1721823111.418651104,-0.023946832865476608276,2.1965195780449651153,-1.0121711492538452148,-0.10151585291672371447,0.96571141481399536133,1
1721823111.468650341,0.076937966048717498779,2.2273014778651023526,-1.0465201139450073242,-0.0063887879535184932678,0.96745067834854125977,1
1721823111.5186443329,0.15492308139801025391,2.2527542722729068103,-1.0680884122848510742,0.090301988009373168609,0.96919155120849609375,1
1721823111.5686564445,0.23726670444011688232,2.2728012605891203535,-1.0856816768646240234,0.1882698435286926375,0.97077268362045288086,1
1721823111.6186454296,0.31856518983840942383,2.2873745829629665849,-1.0990625619888305664,0.28718059257210409863,0.9716981053352355957,1
1721823111.6686584949,0.42159998416900634766,2.2964349847456841935,-1.1098167896270751953,0.38676861927109917882,0.97327822446823120117,1
1721823111.7186586857,0.50305950641632080078,2.2999507778766350441,-1.1129364967346191406,0.48668845533767007838,0.97533440589904785156,1
1721823111.7686607838,0.5866610407829284668,2.2979127424492853393,-1.1118079423904418945,0.58665893224872323053,0.97747910022735595703,1
1721823111.8186151981,0.68710505962371826172,2.290327660372205365,-1.104294896125793457,0.68635146499608179482,0.97990357875823974609,1
1721823111.868653059,0.76999968290328979492,2.2772104996778894659,-1.0928124189376831055,0.78552204789589774592,0.98177993297576904297,1
1721823111.9186286926,0.85003268718719482422,2.2586253743623272427,-1.0774064064025878906,0.88371446760444638535,0.98398584127426147461,1
1721823111.9688839912,0.94790929555892944336,2.2344653550898798677,-1.0526041984558105469,0.98127947389530012501,0.98657298088073730469,1
1721823112.0186579227,1.027054905891418457,2.2052301509886174102,-1.0269939899444580078,1.076359377610303758,0.98852241039276123047,1
1721823112.0686807632,1.1036983728408813477,2.170595079182776832,-0.99788135290145874023,1.1701582510200796428,0.99047160148620605469,1
1721823112.1186921597,1.1979880332946777344,2.1308044107457027039,-0.95541870594024658203,1.261890394933787185,0.99306774139404296875,1
1721823112.1687130928,1.2713247537612915039,2.0859766306814586656,-0.91687101125717163086,1.3512802869397884109,0.99545842409133911133,1
1721823112.2186963558,1.3428157567977905273,2.0362671531142897408,-0.87421661615371704102,1.438020913552632507,0.99786704778671264648,1
1721823112.268676281,1.4122397899627685547,1.9818052967445185519,-0.82773011922836303711,1.5218870106522979224,0.99961000680923461914,1
1721823112.3186810017,1.4963098764419555664,1.9227919911763269312,-0.76405853033065795898,1.6025710633988645704,1.0015219449996948242,1
1721823112.3686597347,1.5603259801864624023,1.8593727334692036202,-0.70925575494766235352,1.6798753203201028938,1.002850651741027832,1
1721823112.4186522961,1.6232727766036987305,1.7917632103943739175,-0.64972066879272460938,1.7535341272863778084,1.0038346052169799805,1
1721823112.468621254,1.6957646608352661133,1.720166316293506803,-0.57314068078994750977,1.8233269288360809401,1.0048539638519287109,1
1721823112.5186281204,1.7520934343338012695,1.6448140015139547376,-0.50625896453857421875,1.8890287620987575856,1.0053765773773193359,1
1721823112.5686278343,1.8029068708419799805,1.565892647416323058,-0.4396851658821105957,1.9504733241889773421,1.0056940317153930664,1
1721823112.6186141968,1.864477992057800293,1.4837168177462682905,-0.34927284717559814453,2.0074154113857121118,1.0061147212982177734,1
1721823112.6686389446,1.9077498912811279297,1.3985702366537067221,-0.2773304283618927002,2.0596703272807692642,1.0067365169525146484,1
1721823112.7186608315,1.9582178592681884766,1.3105102338622702796,-0.18146868050098419189,2.1071941888908529705,1.0071890354156494141,1
1721823112.7686564922,1.9948209524154663086,1.2200096905867297004,-0.10182744264602661133,2.1497230208314368483,1.0076889991760253906,1
1721823112.8186426163,2.0261101722717285156,1.1272981215912081243,-0.023090636357665061951,2.1871565033061224348,1.0076760053634643555,1
1721823112.8686423302,2.0602936744689941406,1.0326392242189785797,0.07980366051197052002,2.219388105351262741,1.0078232288360595703,1
1721823112.9186038971,2.0827059745788574219,0.93637628995586308367,0.16402631998062133789,2.2463034483056940616,1.008144378662109375,1
1721823112.9688878059,2.1000437736511230469,0.8381952199072085774,0.24631221592426300049,2.2679434360951473693,1.0083844661712646484,1
1721823113.018663168,2.1165311336517333984,0.74002591578824739038,0.35461536049842834473,2.2839247629174312948,1.0087366104125976562,1
1721823113.0686476231,2.1245186328887939453,0.64055749361065061898,0.43809735774993896484,2.2945037171847522117,1.0089874267578125,1
1721823113.1186449528,2.1285893917083740234,0.54074105886037948654,0.52354514598846435547,2.299538875968767826,1.0088742971420288086,1
1721823113.1686472893,2.1275258064270019531,0.44073464141281409878,0.6329905390739440918,2.2990240735664246863,1.0087287425994873047,1
1721823113.2186360359,2.1221613883972167969,0.34095649205525779823,0.71617722511291503906,2.2929598887260782547,1.0086257457733154297,1
1721823113.2687244415,2.1121516227722167969,0.24154588415529226753,0.8018633723258972168,2.2813482169421370749,1.0084772109985351562,1
1721823113.3186504841,2.0943737030029296875,0.14313372803537849354,0.90474182367324829102,2.264269385307717819,1.0082364082336425781,1
1721823113.3686459064,2.075168609619140625,0.045714806968944532439,0.98824280500411987305,2.2417304508427058352,1.0075597763061523438,1
1721823113.4186406136,2.0521378517150878906,-0.050286428584179421186,1.0692594051361083984,2.2138217079136524035,1.0065404176712036133,1
1721823113.4686517715,2.017436981201171875,-0.1446149729552479446,1.1695939302444458008,2.1806164156766723039,1.0050930976867675781,1
1721823113.5185964108,1.9935954809188842773,-0.2368469747267757386,1.2287985086441040039,2.1422717606522976297,1.0042033195495605469,1
1721823113.568659544,1.9494357109069824219,-0.32698947207031625606,1.3245701789855957031,2.0987771617973720595,1.0025105476379394531,1
1721823113.6186451912,1.9103763103485107422,-0.41448507142116519653,1.3983796834945678711,2.0503925484043796779,1.0011819601058959961,1
1721823113.6686637402,1.8571702241897583008,-0.4991719141902565271,1.486401677131652832,1.9972159115816858765,0.99976181983947753906,1
1721823113.7186470032,1.809342503547668457,-0.58074968869821952389,1.5566459894180297852,1.939437428434700017,0.99846148490905761719,1
1721823113.7686760426,1.7467113733291625977,-0.65902045039472323396,1.6385070085525512695,1.8771970068101415663,0.99673748016357421875,1
1721823113.8186328411,1.7046763896942138672,-0.73370154580681878898,1.6876446008682250977,1.810717549998421827,0.99570894241333007812,1
1721823113.8686273098,1.6344150304794311523,-0.80457396352380294857,1.7618757486343383789,1.7401962641839379131,0.99395102262496948242,1
1721823113.9186220169,1.5735328197479248047,-0.8714345280466444521,1.8192746639251708984,1.6658333222555776754,0.99291121959686279297,1
1721823113.9686214924,1.4940968751907348633,-0.93404849518964372379,1.8859540224075317383,1.5878901201152249012,0.99177622795104980469,1
1721823114.0186226368,1.4295041561126708984,-0.9922447411938450923,1.9344831705093383789,1.5065811603538556973,0.99065566062927246094,1
1721823114.0686542988,1.3597478866577148438,-1.0458537842177135779,1.9808677434921264648,1.4221366915049933333,0.98928630352020263672,1
1721823114.1186330318,1.2700585126876831055,-1.0946583475566868948,2.0327231884002685547,1.3349040391372990477,0.98748648166656494141,1
1721823114.1686689854,1.1965765953063964844,-1.1385906371706198126,2.0695366859436035156,1.2449971300460036527,0.98619610071182250977,1
1721823114.2186362743,1.1198487281799316406,-1.1773990980127908568,2.1025099754333496094,1.1529412423686189459,0.98507738113403320312,1
1721823114.2688934803,1.0244258642196655273,-1.2112077018619815671,2.136623382568359375,1.0583620698867679533,0.98397314548492431641,1
1721823114.3186173439,0.94468379020690917969,-1.2394558007713212255,2.1597750186920166016,0.96291847788028772648,0.98315906524658203125,1
1721823114.3686096668,0.861278533935546875,-1.2624749075345276239,2.1787106990814208984,0.86562576538198054976,0.98263710737228393555,1
1721823114.4185941219,0.78028738498687744141,-1.2800537925183863575,2.1929082870483398438,0.76722368110051530898,0.98216384649276733398,1
1721823114.4686210155,0.67311179637908935547,-1.2921495093527346487,2.2043526172637939453,0.66792896154848624413,0.98219203948974609375,1
1721823114.5186553001,0.5883922576904296875,-1.2987090431445615923,2.2085354328155517578,0.56815994505555644789,0.98233777284622192383,1
1721823114.5686495304,0.48285573720932006836,-1.2997186295706673054,2.2077736854553222656,0.46817462684776867121,0.9824135899543762207,1
1721823114.6186459064,0.39729362726211547852,-1.2951753617802419516,2.2022035121917724609,0.36829798613089581583,0.98287951946258544922,1
1721823114.6686553955,0.31006181240081787109,-1.2850928726949129022,2.1921718120574951172,0.26882163627660987659,0.98349386453628540039,1
1721823114.718621254,0.22508597373962402344,-1.2695038008879762081,2.1782124042510986328,0.17006622082150285591,0.98396790027618408203,1
1721823114.768627882,0.12119700759649276733,-1.2484519304504546611,2.1554696559906005859,0.072313377688665136933,0.98438912630081176758,1
1721823114.818611145,0.017049824818968772888,-1.222009006674790399,2.1254994869232177734,-0.024103979121416374554,0.98526054620742797852,1
1721823114.8686289787,-0.063386023044586181641,-1.1902383988523959069,2.0969617366790771484,-0.11894600333541960335,0.98575198650360107422,1
1721823114.9186182022,-0.14227879047393798828,-1.1532764023930559549,2.0644726753234863281,-0.21181257174222078987,0.98597925901412963867,1
1721823114.9686367512,-0.22144643962383270264,-1.1111955021265902399,2.0271730422973632812,-0.30252666867029709419,0.98632615804672241211,1
1721823115.018627882,-0.31503570079803466797,-1.0641503884580592043,1.9766576290130615234,-0.39074887722999840367,0.98679208755493164062,1
1721823115.0687861443,-0.38795876502990722656,-1.0121481273699706183,1.9320960044860839844,-0.47642615741872218482,0.98730450868606567383,1
1721823115.1186749935,-0.47523140907287597656,-0.95573361664864719955,1.8715817928314208984,-0.55869714147108640034,0.98778021335601806641,1
1721823115.1686661243,-0.54316288232803344727,-0.89470210234116209769,1.818356633186340332,-0.63789544586712487728,0.9878571629524230957,1
1721823115.2187769413,-0.60940057039260864258,-0.8293647334469607113,1.7606115341186523438,-0.71358535153795066286,0.98768007755279541016,1
1721823115.2688601017,-0.6866607666015625,-0.75956482544364667397,1.6858800649642944336,-0.78588352913672387956,0.98730814456939697266,1
1721823115.3186609745,-0.74673867225646972656,-0.68660208200181616078,1.6208528280258178711,-0.85350489433505760672,0.98733192682266235352,1
1721823115.3686459064,-0.80240720510482788086,-0.60961557591317716565,1.5541540384292602539,-0.91730493320628370135,0.98753958940505981445,1
1721823115.4186418056,-0.85419899225234985352,-0.52920728311459774851,1.4847638607025146484,-0.97673029642648989679,0.98751354217529296875,1
1721823115.4686193466,-0.91470491886138916016,-0.44561143579353890143,1.3930283784866333008,-1.0316066768255098829,0.98716723918914794922,1
1721823115.5186038017,-0.95831787586212158203,-0.35913264446666837149,1.3175576925277709961,-1.0817367351148259313,0.9863236546516418457,1
1721823115.5686144829,-0.99927461147308349609,-0.26995358988124140698,1.2381514310836791992,-1.1270130514009373268,0.98468685150146484375,1
1721823115.6186089516,-1.0432391166687011719,-0.17844076262168628855,1.1397138833999633789,-1.1672486711985421426,0.98228967189788818359,1
1721823115.6686730385,-1.066300511360168457,-0.084742895425080067007,1.0794668197631835938,-1.2023735624855944604,0.9809417724609375,1
1721823115.7186720371,-1.103275299072265625,0.010636983947616696078,0.96318966150283813477,-1.2322020201235521775,0.97810602188110351562,1
1721823115.7686429024,-1.1224762201309204102,0.10759612621901631924,0.88490623235702514648,-1.2567069191648554405,0.97625505924224853516,1
1721823115.8186023235,-1.1417748928070068359,0.20569670209666174321,0.77766430377960205078,-1.2757774547626228312,0.97388470172882080078,1
1721823115.8686244488,-1.1517943143844604492,0.30476693893298389959,0.69146931171417236328,-1.2893809130161200116,0.97171956300735473633,1
1721823115.918618679,-1.1573318243026733398,0.40442435063428011643,0.60501092672348022461,-1.2974607910183524329,0.96973288059234619141,1
1721823115.9686310291,-1.1575444936752319336,0.50438248897660886705,0.49536412954330444336,-1.2999946649338631754,0.96739161014556884766,1
1721823116.018632412,-1.1524981260299682617,0.6043204489613347441,0.40890944004058837891,-1.2969744694704223864,0.96564793586730957031,1
1721823116.0686326027,-1.1432334184646606445,0.70395251837062211564,0.32245093584060668945,-1.2884080547375873493,0.96327799558639526367,1
1721823116.1186232567,-1.1251826286315917969,0.80292627419161100022,0.21412196755409240723,-1.2743268223200563405,0.96105748414993286133,1
1721823116.1686236858,-1.1058683395385742188,0.90099487346435203072,0.12905402481555938721,-1.2547658280965321431,0.95942825078964233398,1
1721823116.2186527252,-1.0818978548049926758,0.99781148788597873178,0.043670095503330230713,-1.2297929710022377225,0.9587313532829284668,1
1721823116.2686948776,-1.0529828071594238281,1.0931477975564125593,-0.042089845985174179077,-1.199463353607242988,0.95849043130874633789,1
1721823116.3185999393,-1.0186579227447509766,1.186533916945208933,-0.12759277224540710449,-1.1639324448077417173,0.95882123708724975586,1
1721823116.3686025143,-0.96993970870971679688,1.2778685720144002946,-0.22954088449478149414,-1.1232438155348929421,0.95956116914749145508,1
1721823116.4185931683,-0.92708855867385864258,1.3667951623768486158,-0.30705484747886657715,-1.0775506795282656647,0.95978534221649169922,1
1721823116.4686262608,-0.87003529071807861328,1.4530845555966545035,-0.39817669987678527832,-1.0269675274488088146,0.95923745632171630859,1
1721823116.5186080933,-0.83229869604110717773,1.5363886221753126904,-0.45213457942008972168,-0.97169923008254555086,0.95918667316436767578,1
1721823116.5686261654,-0.76585924625396728516,1.616517269216542374,-0.53662186861038208008,-0.91187435260409599458,0.95958006381988525391,1
1721823116.6186156273,-0.70733362436294555664,1.6931736150863354595,-0.60290247201919555664,-0.84771537212491776536,0.95984041690826416016,1
1721823116.6686275005,-0.63096857070922851562,1.7661853052095448646,-0.68006944656372070312,-0.77936498813724464085,0.96029084920883178711,1
1721823116.7186100483,-0.56810396909713745117,1.8352526154654660306,-0.73642301559448242188,-0.7071041599185350357,0.96091276407241821289,1
1721823116.7686679363,-0.50042766332626342773,1.9002337861838782818,-0.7920894622802734375,-0.63108149309815919636,0.96127980947494506836,1
1721823116.8186631203,-0.43148645758628845215,1.9608769515381052617,-0.84310328960418701172,-0.55158857566290286911,0.9623292088508605957,1
1721823116.8686807156,-0.3410752713680267334,2.0170258592721705959,-0.90290963649749755859,-0.46883050235814360818,0.96397471427917480469,1
1721823116.9186694622,-0.26692369580268859863,2.0684722979631406936,-0.94644629955291748047,-0.38311644222165019968,0.96575045585632324219,1
1721823116.9686908722,-0.18907536566257476807,2.1150994688249267206,-0.98721528053283691406,-0.2946406142410795681,0.96757537126541137695,1
1721823117.0186750889,-0.090475983917713165283,2.1567190695846272241,-1.0316550731658935547,-0.20376269045371175892,0.96970510482788085938,1
1721823117.0686793327,-0.012170806527137756348,2.1932461760394108552,-1.0617992877960205078,-0.11066962207720187905,0.97214311361312866211,1
1721823117.1186618805,0.070659220218658447266,2.2245383802314511179,-1.0893955230712890625,-0.015720248883717036215,0.97496211528778076172,1
1721823117.1686627865,0.17282393574714660645,2.2505166579139173066,-1.1173516511917114258,0.080844384069723551622,0.97907751798629760742,1
1721823117.2186472416,0.25757610797882080078,2.271088530064280242,-1.1350175142288208008,0.17868174861245778029,0.98222237825393676758,1
1721823117.2686076164,0.36070466041564941406,2.2861910163424008502,-1.1511019468307495117,0.2774653888993894868,0.98544746637344360352,1
1721823117.3186085224,0.44452738761901855469,2.2957948898680511363,-1.1596710681915283203,0.37703368947636634045,0.98794579505920410156,1
